Date,Open,High,Low,Close,Adj Close,Volume
1/7/2019,17.07,17.32,16.99,17.120001,9.360723,1763500
1/8/2019,17.290001,17.360001,17.200001,17.35,9.486481,1399000
1/9/2019,17.440001,17.51,17.34,17.5,9.568497,1583900
1/10/2019,17.42,17.49,17.27,17.34,9.481015,933100
1/11/2019,17.360001,17.469999,17.299999,17.43,9.530223,993200
1/14/2019,17.4,17.549999,17.389999,17.42,9.524755,890300
1/15/2019,17.41,17.559999,17.389999,17.52,9.579433,940300
1/16/2019,17.77,17.799999,17.620001,17.68,9.666915,1090000
1/17/2019,17.629999,17.77,17.59,17.77,9.716125,1155800
1/18/2019,17.799999,17.889999,17.65,17.76,9.710657,917700
1/22/2019,17.719999,17.76,17.459999,17.57,9.606771,1250600
1/23/2019,17.6,17.67,17.52,17.639999,9.645044,644200
1/24/2019,17.639999,17.74,17.58,17.709999,9.683318,702900
1/25/2019,17.77,17.790001,17.66,17.76,9.710657,673800
1/28/2019,17.75,17.82,17.690001,17.77,9.716125,882500
1/29/2019,17.780001,17.91,17.780001,17.879999,9.77627,570800
1/30/2019,17.9,18.07,17.799999,18.01,9.84735,703200
1/31/2019,17.99,18.200001,17.940001,18.200001,9.951238,1309100
2/1/2019,18.200001,18.209999,17.969999,18.110001,9.902027,949500
2/4/2019,18.129999,18.35,18.059999,18.35,10.033251,826800
2/5/2019,18.35,18.41,18.27,18.4,10.060592,677400
2/6/2019,18.4,18.42,18.24,18.379999,10.049654,773500
2/7/2019,18.34,18.5,18.34,18.459999,10.093395,1079900
2/8/2019,18.43,18.469999,18.24,18.450001,10.087931,1043600
2/11/2019,18.49,18.49,18.360001,18.450001,10.087931,830000
2/12/2019,18.459999,18.51,18.4,18.42,10.071528,1057500
2/13/2019,18.440001,18.49,18.309999,18.4,10.060592,1062100
2/14/2019,18.049999,18.219999,17.799999,17.9,9.787203,2538000
2/15/2019,17.940001,17.99,17.809999,17.9,9.787203,1590400
2/19/2019,17.9,18.059999,17.9,17.98,9.830947,1368100
2/20/2019,17.93,18.049999,17.84,18.049999,9.869223,790200
2/21/2019,18.040001,18.1,18.01,18.049999,9.869223,680700
2/22/2019,18.07,18.17,18.049999,18.139999,9.91843,908400
2/25/2019,18.219999,18.25,18.02,18.09,9.891093,961200
2/26/2019,18.09,18.15,18.040001,18.08,9.885624,531100
2/27/2019,18.07,18.15,17.93,18.129999,9.912961,532200
2/28/2019,18.129999,18.35,18.1,18.16,9.929365,1093300
3/1/2019,18.23,18.23,18.02,18.09,9.891093,797100
3/4/2019,18.110001,18.209999,18.049999,18.18,9.9403,892200
3/5/2019,18.16,18.280001,18.139999,18.219999,9.962173,571000
3/6/2019,18.24,18.299999,18.030001,18.07,9.880155,866700
3/7/2019,18.059999,18.16,18,18.01,9.84735,519500
3/8/2019,17.959999,18.049999,17.9,17.98,9.830947,717600
3/11/2019,18.059999,18.24,17.99,18.209999,9.956705,716700
3/12/2019,18.24,18.299999,18.200001,18.219999,9.962173,795300
3/13/2019,18.280001,18.450001,18.23,18.389999,10.055124,875400
3/14/2019,18.35,18.450001,18.35,18.41,10.066057,817000
3/15/2019,18.42,18.440001,18.299999,18.440001,10.082461,1874600
3/18/2019,18.440001,18.620001,18.389999,18.57,10.153542,1138000
3/19/2019,18.639999,18.65,18.42,18.440001,10.082461,734600
3/20/2019,18.4,18.51,18.290001,18.290001,10.000446,1453400
3/21/2019,18.309999,18.559999,18.309999,18.43,10.076995,963900
3/22/2019,18.389999,18.459999,18.35,18.360001,10.038721,977400
3/25/2019,18.370001,18.5,18.299999,18.34,10.027783,1116100
3/26/2019,18.43,18.559999,18.389999,18.530001,10.131671,1042400
3/27/2019,18.549999,18.610001,18.5,18.52,10.126204,1010500
3/28/2019,18.110001,18.24,18.08,18.24,10.22713,914600
3/29/2019,18.33,18.34,18.16,18.200001,10.204701,1441600
4/1/2019,18.25,18.35,18.23,18.35,10.288804,716000
4/2/2019,18.370001,18.370001,18.25,18.280001,10.249557,550100
4/3/2019,18.34,18.35,18.24,18.26,10.238343,707000
4/4/2019,18.290001,18.360001,18.26,18.35,10.288804,457900
4/5/2019,18.360001,18.440001,18.33,18.440001,10.339269,917400
4/8/2019,18.41,18.459999,18.379999,18.459999,10.350483,814500
4/9/2019,18.4,18.48,18.290001,18.309999,10.266378,989700
4/10/2019,18.35,18.450001,18.35,18.440001,10.339269,618000
4/11/2019,18.49,18.549999,18.450001,18.52,10.384123,513400
4/12/2019,18.620001,18.620001,18.5,18.6,10.42898,594300
4/15/2019,18.610001,18.610001,18.469999,18.52,10.384123,555600
4/16/2019,18.59,18.6,18.34,18.41,10.322446,1733100
4/17/2019,18.4,18.52,18.370001,18.5,10.372911,608400
4/18/2019,18.469999,18.5,18.42,18.48,10.361697,460300
4/22/2019,18.450001,18.5,18.360001,18.440001,10.339269,659800
4/23/2019,18.469999,18.540001,18.42,18.43,10.333662,887500
4/24/2019,18.41,18.66,18.41,18.57,10.41216,1289400
4/25/2019,18.66,18.73,18.48,18.639999,10.451407,1210000
4/26/2019,18.73,18.889999,18.639999,18.860001,10.574762,1087900
4/29/2019,18.879999,18.889999,18.719999,18.76,10.518691,1496400
4/30/2019,18.790001,18.790001,18.6,18.74,10.50748,896000
5/1/2019,18.77,18.9,18.75,18.780001,10.529907,1306100
5/2/2019,18.790001,18.99,18.719999,18.950001,10.625225,1551100
5/3/2019,19,19.190001,18.98,19.049999,10.681294,1262500
5/6/2019,18.889999,19.129999,18.889999,19.09,10.703723,973300
5/7/2019,19,19.15,18.950001,19.049999,10.681294,759500
5/8/2019,19.01,19.09,18.98,19.01,10.658866,642800
5/9/2019,18.15,18.559999,18.01,18.530001,10.389732,17152500
5/10/2019,18.52,18.75,18.469999,18.629999,10.4458,3106200
5/13/2019,18.4,18.549999,18.4,18.459999,10.350483,4189000
5/14/2019,18.450001,18.620001,18.42,18.559999,10.406552,1249700
5/15/2019,18.530001,18.709999,18.51,18.66,10.462622,1145000
5/16/2019,18.709999,18.77,18.629999,18.68,10.473838,1006800
5/17/2019,18.610001,18.66,18.52,18.52,10.384123,1613600
5/20/2019,18.57,18.709999,18.52,18.559999,10.406552,1430800
5/21/2019,18.629999,18.68,18.469999,18.68,10.473838,1752700
5/22/2019,18.690001,18.75,18.52,18.57,10.41216,806200
5/23/2019,18.5,18.639999,18.48,18.639999,10.451407,1166100
5/24/2019,18.700001,18.77,18.629999,18.76,10.518691,1007400
5/28/2019,18.75,18.790001,18.59,18.6,10.42898,930000
5/29/2019,18.59,18.6,18.48,18.530001,10.389732,833700
5/30/2019,18.57,18.610001,18.389999,18.450001,10.344875,842500
5/31/2019,18.280001,18.469999,18.23,18.379999,10.305626,1947600
6/3/2019,18.34,18.610001,18.34,18.57,10.41216,1062100
6/4/2019,18.629999,18.639999,18.450001,18.610001,10.434588,1270800
6/5/2019,18.65,18.67,18.540001,18.639999,10.451407,922200
6/6/2019,18.65,18.73,18.459999,18.700001,10.485051,650300
6/7/2019,18.700001,18.719999,18.57,18.620001,10.440196,851200
6/10/2019,18.700001,18.76,18.639999,18.66,10.462622,897600
6/11/2019,18.700001,18.73,18.559999,18.620001,10.440196,934000
6/12/2019,18.65,18.75,18.639999,18.68,10.473838,793300
6/13/2019,18.73,18.82,18.690001,18.74,10.50748,1476900
6/14/2019,18.74,18.860001,18.74,18.790001,10.535514,733300
6/17/2019,18.82,18.9,18.68,18.68,10.473838,1258100
6/18/2019,18.75,18.860001,18.719999,18.790001,10.535514,900900
6/19/2019,18.860001,18.870001,18.75,18.82,10.552335,1124600
6/20/2019,18.879999,18.92,18.799999,18.860001,10.574762,1341200
6/21/2019,18.83,18.84,18.57,18.709999,10.490658,2867800
6/24/2019,18.780001,18.889999,18.67,18.67,10.468227,1260700
6/25/2019,18.73,18.82,18.629999,18.639999,10.451407,982000
6/26/2019,18.690001,18.719999,18.59,18.6,10.42898,1282800
6/27/2019,18.209999,18.33,18.139999,18.280001,10.509468,1137700
6/28/2019,18.299999,18.469999,18.280001,18.389999,10.572708,3506100
7/1/2019,18.450001,18.52,18.26,18.27,10.503718,1246600
7/2/2019,18.299999,18.379999,18.25,18.35,10.549714,963400
7/3/2019,18.34,18.469999,18.34,18.43,10.595706,461300
7/5/2019,18.4,18.450001,18.290001,18.440001,10.601453,579000
7/8/2019,18.440001,18.49,18.370001,18.440001,10.601453,836500
7/9/2019,18.43,18.530001,18.360001,18.530001,10.653199,1187300
7/10/2019,18.59,18.66,18.549999,18.58,10.681945,1187100
7/11/2019,18.610001,18.719999,18.6,18.66,10.727938,896400
7/12/2019,18.66,18.76,18.66,18.709999,10.756682,592800
7/15/2019,18.780001,18.780001,18.629999,18.639999,10.716437,613600
7/16/2019,18.67,18.76,18.66,18.67,10.733684,667400
7/17/2019,18.67,18.719999,18.6,18.66,10.727938,542700
7/18/2019,18.629999,18.68,18.52,18.639999,10.716437,567300
7/19/2019,18.610001,18.66,18.559999,18.59,10.687692,915700
7/22/2019,18.59,18.620001,18.48,18.559999,10.670445,667400
7/23/2019,18.57,18.68,18.530001,18.66,10.727938,710100
7/24/2019,18.66,18.68,18.459999,18.5,10.63595,1317300
7/25/2019,18.799999,18.9,18.65,18.68,10.739436,1631500
7/26/2019,18.690001,18.700001,18.559999,18.58,10.681945,1099100
7/29/2019,18.58,18.77,18.58,18.629999,10.710688,1224100
7/30/2019,18.620001,18.809999,18.610001,18.77,10.791178,1296200
7/31/2019,18.82,18.9,18.690001,18.82,10.819924,1933400
8/1/2019,18.82,18.92,18.75,18.83,10.825672,1418700
8/2/2019,18.809999,18.879999,18.629999,18.85,10.837172,947900
8/5/2019,18.719999,18.790001,18.290001,18.360001,10.555463,1641700
8/6/2019,18.42,18.629999,18.41,18.610001,10.699192,845700
8/7/2019,18.5,18.860001,18.43,18.799999,10.808424,1183800
8/8/2019,18.870001,19.059999,18.83,19.02,10.934906,1068500
8/9/2019,19,19.01,18.85,18.950001,10.894664,657400
8/12/2019,18.9,18.969999,18.790001,18.799999,10.808424,470600
8/13/2019,18.76,18.889999,18.74,18.799999,10.808424,707300
8/14/2019,18.75,18.75,18.360001,18.360001,10.555463,1489000
8/15/2019,18.42,18.639999,18.41,18.540001,10.658945,990400
8/16/2019,18.629999,18.690001,18.559999,18.57,10.676193,1039500
8/19/2019,18.700001,18.93,18.41,18.91,10.871665,1249800
8/20/2019,18.91,18.92,18.82,18.860001,10.842922,705400
8/21/2019,18.9,19.040001,18.860001,18.959999,10.900412,918400
8/22/2019,19.01,19.030001,18.82,18.879999,10.854419,809800
8/23/2019,18.85,18.91,18.620001,18.67,10.733684,775100
8/26/2019,18.73,18.799999,18.690001,18.780001,10.796927,769100
8/27/2019,18.799999,18.799999,18.48,18.48,10.624452,903900
8/28/2019,18.48,18.5,18.379999,18.459999,10.612953,690700
8/29/2019,18.549999,18.610001,18.459999,18.59,10.687692,670000
8/30/2019,18.65,18.65,18.540001,18.549999,10.664696,1136900
9/3/2019,18.52,18.719999,18.49,18.690001,10.745184,953300
9/4/2019,18.75,18.93,18.73,18.870001,10.848668,877100
9/5/2019,18.93,19.08,18.93,18.99,10.917659,935100
9/6/2019,18.99,19.07,18.959999,19.01,10.929157,697400
9/9/2019,19.040001,19.360001,19.040001,19.33,11.11313,1300800
9/10/2019,19.33,19.389999,19.18,19.23,11.05564,1421000
9/11/2019,19.25,19.32,19.190001,19.32,11.107382,1121800
9/12/2019,19.32,19.4,19.219999,19.35,11.124628,655600
9/13/2019,19.42,19.43,19.27,19.290001,11.090135,845800
9/16/2019,19.280001,19.370001,19.24,19.34,11.118881,533200
9/17/2019,19.34,19.450001,19.299999,19.42,11.164873,731200
9/18/2019,19.450001,19.51,19.42,19.5,11.210866,650000
9/19/2019,19.549999,19.76,19.540001,19.549999,11.239613,1269200
9/20/2019,19.559999,19.65,19.469999,19.540001,11.233864,1966900
9/23/2019,19.540001,19.59,19.459999,19.469999,11.193617,859900
9/24/2019,19.57,19.629999,19.370001,19.42,11.164873,1298800
9/25/2019,19.42,19.709999,19.42,19.68,11.31435,1318300
9/26/2019,19.68,19.74,19.610001,19.65,11.297103,624900
9/27/2019,19.219999,19.290001,19.110001,19.129999,11.261784,724000
9/30/2019,19.209999,19.25,19.129999,19.17,11.285327,882500
10/1/2019,19.17,19.24,18.93,19.02,11.197025,969300
10/2/2019,18.950001,19.040001,18.690001,18.809999,11.073398,1432000
10/3/2019,18.77,18.889999,18.59,18.639999,10.973318,1394100
10/4/2019,18.639999,18.860001,18.620001,18.82,11.079288,814700
10/7/2019,18.83,18.92,18.76,18.870001,11.108721,941300
10/8/2019,18.83,18.85,18.68,18.75,11.038077,954200
10/9/2019,18.83,18.870001,18.68,18.790001,11.061624,784900
10/10/2019,18.83,18.92,18.790001,18.809999,11.073398,776000
10/11/2019,18.959999,19.040001,18.889999,18.91,11.132268,677000
10/14/2019,18.9,18.92,18.83,18.860001,11.102835,474500
10/15/2019,18.940001,19.07,18.889999,18.969999,11.167589,1022400
10/16/2019,19,19.059999,18.9,18.940001,11.149928,686700
10/17/2019,18.940001,19.040001,18.92,19.040001,11.208799,656600
10/18/2019,18.9,19.07,18.9,19.030001,11.202911,1227100
10/21/2019,19.030001,19.15,19.030001,19.110001,11.250008,931500
10/22/2019,19.08,19.08,18.879999,18.940001,11.149928,891100
10/23/2019,18.959999,19,18.889999,18.959999,11.161702,1005800
10/24/2019,19.02,19.02,18.370001,18.450001,10.861466,2527700
10/25/2019,18.42,18.48,18.15,18.16,10.690745,1920900
10/28/2019,18.17,18.290001,18.1,18.16,10.690745,1437900
10/29/2019,18.16,18.27,18.139999,18.16,10.690745,1011000
10/30/2019,18.16,18.18,18.059999,18.129999,10.673083,929700
10/31/2019,18.129999,18.309999,18.08,18.299999,10.773163,1612900
11/1/2019,18.34,18.370001,18.16,18.299999,10.773163,1377300
11/4/2019,18.32,18.389999,18.15,18.23,10.731954,1310600
11/5/2019,18.23,18.309999,18.120001,18.219999,10.726066,2324800
11/6/2019,18.219999,18.299999,18.1,18.18,10.702519,1174100
11/7/2019,18.18,18.24,18.02,18.049999,10.625987,901600
11/8/2019,18.040001,18.1,17.969999,18.040001,10.620103,1081400
11/11/2019,18.01,18.09,18,18.02,10.608327,663500
11/12/2019,18.030001,18.07,17.959999,18.01,10.60244,835100
11/13/2019,18.01,18.030001,17.84,17.9,10.537684,1099500
11/14/2019,17.860001,17.940001,17.82,17.889999,10.531796,801300
11/15/2019,17.9,17.940001,17.83,17.91,10.543572,946400
11/18/2019,17.9,18.07,17.9,17.99,10.590667,1133200
11/19/2019,18,18.1,18,18.049999,10.625987,800400
11/20/2019,18,18.09,17.98,18,10.596552,1213600
11/21/2019,18.02,18.040001,17.940001,17.940001,10.56123,928600
11/22/2019,17.950001,18.01,17.870001,17.950001,10.567119,809100
11/25/2019,17.85,18.15,17.85,18.1,10.655423,1149700
11/26/2019,18.110001,18.17,18.040001,18.07,10.637761,788300
11/27/2019,18.1,18.24,18.030001,18.24,10.73784,865900
11/29/2019,18.200001,18.32,18.200001,18.27,10.755502,527100
12/2/2019,18.309999,18.42,18.27,18.309999,10.779052,867700
12/3/2019,18.27,18.370001,18.209999,18.34,10.79671,766700
12/4/2019,18.360001,18.459999,18.34,18.43,10.849695,982200
12/5/2019,18.5,18.5,18.379999,18.41,10.83792,1224400
12/6/2019,18.41,18.620001,18.41,18.530001,10.908565,1033200
12/9/2019,18.530001,18.58,18.52,18.559999,10.926224,844100
12/10/2019,18.559999,18.58,18.52,18.549999,10.920338,817900
12/11/2019,18.52,18.57,18.4,18.42,10.843807,598800
12/12/2019,18.450001,18.51,18.379999,18.43,10.849695,790700
12/13/2019,18.43,18.49,18.41,18.459999,10.867354,822800
12/16/2019,18.57,18.68,18.549999,18.559999,10.926224,2302900
12/17/2019,18.6,18.66,18.530001,18.620001,10.961547,1617800
12/18/2019,18.65,18.690001,18.51,18.6,10.949773,1170800
12/19/2019,18.559999,18.68,18.559999,18.67,10.990979,1156900
12/20/2019,18.690001,18.809999,18.66,18.77,11.04985,3237800
12/23/2019,18.809999,18.83,18.700001,18.75,11.038077,910400
12/24/2019,18.790001,18.83,18.66,18.700001,11.008642,751900
12/26/2019,18.73,18.9,18.73,18.82,11.079288,821000
12/27/2019,18.799999,18.950001,18.799999,18.93,11.144042,1057800
12/30/2019,18.5,18.530001,18.23,18.26,11.017336,1089400
12/31/2019,18.24,18.4,18.23,18.290001,11.035439,1043100
1/2/2020,18.290001,18.299999,18.139999,18.26,11.017336,966100
1/3/2020,18.18,18.33,18.18,18.27,11.023372,880600
1/6/2020,18.219999,18.32,18.16,18.25,11.011305,988600
1/7/2020,18.23,18.25,18.17,18.190001,10.9751,743700
1/8/2020,18.17,18.24,18.01,18.030001,10.878565,1497700
1/9/2020,18.040001,18.15,18.030001,18.129999,10.938902,1062900
1/10/2020,18.129999,18.190001,18.110001,18.17,10.963036,727800
1/13/2020,18.16,18.18,18.1,18.15,10.950966,1241000
1/14/2020,18.15,18.27,18.110001,18.23,10.999235,1810900
1/15/2020,18.26,18.43,18.25,18.35,11.07164,1228200
1/16/2020,18.450001,18.459999,18.4,18.43,11.119907,680000
1/17/2020,18.440001,18.450001,18.34,18.389999,11.095773,920100
1/21/2020,18.370001,18.379999,18.200001,18.24,11.005271,857900
1/22/2020,18.27,18.4,18.27,18.389999,11.095773,591400
1/23/2020,18.4,18.459999,18.290001,18.459999,11.138009,962800
1/24/2020,18.49,18.49,18.25,18.34,11.065606,852400
1/27/2020,18.200001,18.33,18.190001,18.25,11.011305,665000
1/28/2020,18.25,18.41,18.25,18.379999,11.08974,612700
1/29/2020,18.389999,18.42,18.290001,18.370001,11.083708,799600
1/30/2020,18.299999,18.41,18.290001,18.389999,11.095773,478200
1/31/2020,18.360001,18.43,18.23,18.280001,11.029405,1063400
2/3/2020,18.299999,18.389999,18.26,18.32,11.053536,905600
2/4/2020,18.4,18.540001,18.309999,18.450001,11.131976,841200
2/5/2020,18.530001,18.719999,18.48,18.690001,11.276782,958600
2/6/2020,18.719999,18.76,18.6,18.6,11.222478,1065900
2/7/2020,18.58,18.59,18.43,18.49,11.15611,1033100
2/10/2020,18.49,18.52,18.42,18.459999,11.138009,825300
2/11/2020,18.51,18.530001,18.379999,18.4,11.101808,775600
2/12/2020,18.41,18.540001,18.41,18.469999,11.144041,1027300
2/13/2020,18.5,18.74,18.459999,18.67,11.264715,1433000
2/14/2020,18.18,18.450001,18.030001,18.4,11.101808,3964100
2/18/2020,18.26,18.51,18.190001,18.42,11.113874,2020600
2/19/2020,18.469999,18.49,18.34,18.34,11.065606,1015200
2/20/2020,18.299999,18.5,18.200001,18.469999,11.144041,1781000
2/21/2020,18.459999,18.469999,18.24,18.27,11.023372,1303100
2/24/2020,18.049999,18.18,17.9,17.950001,10.830297,2007900
2/25/2020,18.049999,18.049999,17.360001,17.559999,10.594987,2855900
2/26/2020,17.559999,17.860001,17.389999,17.42,10.510515,2466300
2/27/2020,17.200001,17.27,16.59,16.690001,10.070063,3608500
2/28/2020,16.43,16.43,15.79,16.200001,9.774419,6929500
3/2/2020,16.209999,17.02,16.209999,17.02,10.269172,1884800
3/3/2020,17.07,17.33,16.530001,16.719999,10.088163,2044600
3/4/2020,16.940001,17.120001,16.75,16.940001,10.220902,1093400
3/5/2020,16.629999,16.709999,16.33,16.42,9.907155,1477000
3/6/2020,16.030001,16.370001,15.57,16.35,9.864922,3441900
3/9/2020,15.44,15.57,14.35,14.4,8.688372,2068300
3/10/2020,15.17,15.17,13.97,14.56,8.784909,1665000
3/11/2020,14.21,14.28,13.35,13.69,8.259985,2559300
3/12/2020,12.51,12.51,10.25,11.32,6.830025,3604300
3/13/2020,11.95,12.1,10.78,11.8,7.119637,2903400
3/16/2020,10.5,10.69,8.47,8.47,5.110451,3376400
3/17/2020,8.62,9.44,7.59,9.07,5.472467,5334200
3/18/2020,8.39,8.5,5.5,7.43,4.482958,6000500
3/19/2020,7.3,7.68,6.12,7.59,4.579495,4261200
3/20/2020,7.79,8.11,6.91,6.99,4.21748,3643400
3/23/2020,6.94,7.17,5.98,6.23,3.758927,3301700
3/24/2020,6.49,6.5,4.12,4.24,2.558242,7591400
3/25/2020,5.19,8.33,4.8,7.42,4.476925,10455000
3/26/2020,7.43,11.49,7.41,9.42,5.683643,9204900
3/27/2020,9.16,9.65,8.61,8.94,5.39403,3470500
3/30/2020,8.28,8.29,7,7.25,4.579241,3315800
3/31/2020,6.9,7.85,6.8,7.42,4.686616,2706100
4/1/2020,7.03,7.05,5.92,6.08,3.840246,3250000
4/2/2020,6.08,6.4,5.07,5.3,3.347583,4188500
4/3/2020,5.26,5.5,4.78,5.31,3.353899,3902300
4/6/2020,5.84,6.37,5.54,5.97,3.770768,4198100
4/7/2020,6.49,7.24,6.26,6.62,4.181321,3701400
4/8/2020,6.97,8,6.97,7.84,4.951896,3416000
4/9/2020,8.25,9.5,8.23,9.27,5.855112,3708400
4/13/2020,9.15,9.31,8.25,8.91,5.627728,1993100
4/14/2020,9.34,9.52,8.16,8.55,5.400346,2458100
4/15/2020,8.4,8.45,7.73,8.11,5.122433,3352800
4/16/2020,8.1,8.4,7.66,7.79,4.920315,2368000
4/17/2020,8.18,8.53,7.91,8.32,5.255074,1605400
4/20/2020,7.87,8.11,7.3,7.41,4.6803,1909000
4/21/2020,7.15,7.49,7.05,7.34,4.636086,1317200
4/22/2020,7.63,7.75,7.06,7.21,4.553977,1706500
4/23/2020,7.17,7.57,7.11,7.22,4.560293,1231000
4/24/2020,7.27,7.34,6.88,7.16,4.522395,1126400
4/27/2020,7.16,7.57,7.01,7.34,4.636086,1362700
4/28/2020,7.64,8.26,7.59,8.15,5.147698,1597200
4/29/2020,8.61,9.14,8.4,8.92,5.634045,2083800
4/30/2020,8.67,8.71,8.01,8.15,5.147698,2193700
5/1/2020,7.93,8.17,7.71,8.15,5.147698,1109800
5/4/2020,7.85,8.08,7.54,7.75,4.895051,1451900
5/5/2020,7.96,8.27,7.78,7.82,4.939264,1227400
5/6/2020,7.9,8.09,7.58,7.67,4.84452,1168900
5/7/2020,7.6,8.1,7.6,7.98,5.040323,1081300
5/8/2020,8.12,8.3,7.67,7.8,4.926631,1651600
5/11/2020,7.64,7.82,7.2,7.53,4.756094,2366200
5/12/2020,7.6,7.86,7.35,7.37,4.655035,2523200
5/13/2020,7.28,7.28,6.72,6.87,4.339226,2472000
5/14/2020,6.66,7.14,6.29,7.12,4.49713,2355500
5/15/2020,7.01,7.15,6.77,7.02,4.433968,3683200
5/18/2020,7.53,7.74,7.29,7.57,4.78136,2114500
5/19/2020,7.5,8.09,7.45,7.77,4.907683,2209100
5/20/2020,7.86,8.26,7.82,8.09,5.109801,2528100
5/21/2020,8.1,8.34,7.9,8.11,5.122433,1614100
5/22/2020,8.17,8.3,7.98,8.27,5.223493,1091900
5/26/2020,8.83,8.89,8.4,8.54,5.39403,1428900
5/27/2020,8.82,9,8.49,8.7,5.495089,2069700
5/28/2020,8.84,9.06,8.4,8.45,5.337184,2564500
5/29/2020,8.32,8.53,8.14,8.23,5.198228,2399100
6/1/2020,8.15,8.91,8.04,8.68,5.482456,2131200
6/2/2020,8.87,9.18,8.87,9.03,5.703524,1386400
6/3/2020,9.17,9.79,9.17,9.65,6.095127,1386400
6/4/2020,9.69,10.46,9.5,10.33,6.52463,1739500
6/5/2020,11.36,11.84,10.8,10.93,6.903601,2033100
6/8/2020,11.53,12.21,11.37,12.16,7.680492,2405900
6/9/2020,11.62,11.78,10.87,11.1,7.010976,2402800
6/10/2020,11.01,11.13,10.34,10.61,6.701482,1451900
6/11/2020,9.65,9.99,8.92,9.15,5.779318,2855900
6/12/2020,9.82,9.94,9.21,9.84,6.215135,1245700
6/15/2020,9.21,10.19,9.1,9.94,6.278297,1691900
6/16/2020,10.66,10.67,9.92,10.15,6.410937,1149400
6/17/2020,10.29,10.55,10.04,10.21,6.448835,1467900
6/18/2020,10.02,10.26,9.87,10.05,6.347775,916600
6/19/2020,10.09,10.21,9.61,9.83,6.208819,3021900
6/22/2020,9.7,9.8,9.51,9.75,6.15829,996800
6/23/2020,9.98,10.12,9.88,10.1,6.379356,1523000
6/24/2020,9.85,9.93,9.04,9.56,6.038282,1781000
6/25/2020,9.4,10.17,9.38,10.15,6.410937,1381500
6/26/2020,10.1,10.14,9.55,9.94,6.278297,2604900
6/29/2020,9.65,9.92,9.37,9.86,6.455058,1516400
6/30/2020,9.8,9.91,9.54,9.81,6.422325,1492200
7/1/2020,9.86,10.17,9.48,9.5,6.219377,1430700
7/2/2020,9.77,9.83,9.24,9.35,6.121177,1172000
7/6/2020,9.48,9.79,9.37,9.48,6.206283,925400
7/7/2020,9.35,9.36,9.02,9.04,5.918228,1256800
7/8/2020,9.01,9.22,8.92,9.07,5.937868,1310200
7/9/2020,9.01,9.06,8.67,8.76,5.734921,1516600
7/10/2020,8.68,9.16,8.67,9.14,5.983696,1384700
7/13/2020,9.25,9.31,8.99,9.05,5.924775,1274100
7/14/2020,9,9.27,8.97,9.16,5.996788,683100
7/15/2020,9.55,9.83,9.38,9.7,6.350311,1269400
7/16/2020,9.49,9.78,9.44,9.49,6.21283,1101300
7/17/2020,9.51,9.56,9.32,9.35,6.121177,597300
7/20/2020,9.28,9.35,9.03,9.25,6.05571,610900
7/21/2020,9.42,9.5,9.29,9.39,6.147363,612000
7/22/2020,9.34,9.66,9.34,9.63,6.304483,745700
7/23/2020,9.55,9.66,9.43,9.44,6.180096,766900
7/24/2020,9.42,9.51,9.13,9.13,5.977149,860400
7/27/2020,9.08,9.15,8.97,9.06,5.931322,1017000
7/28/2020,8.95,9.43,8.95,9.31,6.094989,1620300
7/29/2020,9.32,9.39,9.19,9.37,6.134269,743000
7/30/2020,9.15,9.32,9.09,9.31,6.094989,861300
7/31/2020,9.45,9.92,9.27,9.3,6.088442,2017900
8/3/2020,9.33,9.36,8.94,9.16,5.996788,1690900
8/4/2020,9.15,9.34,9.1,9.25,6.05571,1201900
8/5/2020,9.33,9.52,9.19,9.49,6.21283,1503700
8/6/2020,9.47,9.65,9.4,9.43,6.173551,1166200
8/7/2020,9.37,9.55,9.23,9.49,6.21283,1124100
8/10/2020,9.53,9.98,9.53,9.8,6.415778,1310400
8/11/2020,10,10.15,9.59,9.6,6.284845,1627800
8/12/2020,9.8,9.9,9.4,9.45,6.186644,1342000
8/13/2020,9.39,9.58,9.22,9.25,6.05571,997900
8/14/2020,9.2,9.56,9.09,9.43,6.173551,1152700
8/17/2020,9.4,9.47,9.32,9.41,6.160456,674700
8/18/2020,9.41,9.49,9.25,9.27,6.068803,829600
8/19/2020,9.26,9.36,9.16,9.2,6.022975,846500
8/20/2020,9.1,9.22,9,9,5.892041,773900
8/21/2020,8.92,9.06,8.85,8.95,5.859308,1039300
8/24/2020,8.99,9.4,8.87,9.38,6.140816,886800
8/25/2020,9.37,9.46,9.09,9.22,6.036068,733300
8/26/2020,9.18,9.26,8.97,9,5.892041,966900
8/27/2020,9,9.3,9,9.18,6.009883,666400
8/28/2020,9.25,9.32,9.12,9.28,6.075349,626600
8/31/2020,9.21,9.24,8.94,8.94,5.85276,1112600
9/1/2020,8.85,9.14,8.82,9.02,5.905135,909800
9/2/2020,8.99,9.08,8.91,9.03,5.911681,839800
9/3/2020,9.09,9.28,8.99,9.01,5.898589,1093900
9/4/2020,9.14,9.25,8.99,9.12,5.970602,1375500
9/8/2020,9.03,9.19,8.91,8.91,5.83312,1524700
9/9/2020,8.9,9.1,8.81,9.04,5.918228,1454000
9/10/2020,9.03,9.1,8.85,8.85,5.793841,1192400
9/11/2020,8.93,8.93,8.67,8.77,5.741467,1826400
9/14/2020,8.81,9.09,8.79,9.03,5.911681,1526700
9/15/2020,9.05,9.11,8.96,8.97,5.872401,1011800
9/16/2020,9.02,9.42,8.96,9.21,6.029522,1620300
9/17/2020,9.1,9.53,9.01,9.5,6.219377,1529000
9/18/2020,9.55,9.64,9.32,9.46,6.193191,4904400
9/21/2020,9.3,9.3,8.96,8.97,5.872401,1580500
9/22/2020,9.01,9.15,8.94,8.95,5.859308,1086700
9/23/2020,8.98,9.09,8.53,8.53,5.584346,1489000
9/24/2020,8.53,8.94,8.41,8.74,5.721827,1827000
9/25/2020,8.69,9.1,8.69,9.07,5.937868,1467800
9/28/2020,9.18,9.57,9.17,9.4,6.153909,1445900
9/29/2020,8.97,9.06,8.78,8.99,6.11311,1757300
9/30/2020,8.99,9.12,8.95,9.01,6.126711,1553000
10/1/2020,9.02,9.16,8.95,9.16,6.228707,1107000
10/2/2020,8.95,9.48,8.91,9.44,6.419106,1416200
10/5/2020,9.52,9.62,9.43,9.46,6.432707,893200
10/6/2020,9.55,9.7,9.26,9.26,6.296707,1493700
10/7/2020,9.32,9.45,9.07,9.14,6.215109,1212500
10/8/2020,9.21,9.56,9.21,9.52,6.473505,1105500
10/9/2020,9.56,9.62,9.22,9.24,6.283108,981500
10/12/2020,9.21,9.32,9.12,9.29,6.317108,802200
10/13/2020,9.19,9.34,9.13,9.24,6.283108,844100
10/14/2020,9.25,9.46,9.21,9.22,6.269508,747400
10/15/2020,9.23,9.32,9.12,9.25,6.289908,750100
10/16/2020,9.2,9.26,9,9.14,6.215109,823300
10/19/2020,9.14,9.14,8.89,8.89,6.045113,1221900
10/20/2020,8.94,9.09,8.87,8.88,6.038312,1158200
10/21/2020,8.83,8.99,8.76,8.89,6.045113,955300
10/22/2020,8.88,9.04,8.88,8.99,6.11311,954100
10/23/2020,9.01,9.22,9.01,9.18,6.242309,678300
10/26/2020,9.04,9.04,8.44,8.66,5.888714,1550100
10/27/2020,9,9.54,8.96,9.02,6.133511,1588800
10/28/2020,8.7,8.81,8.36,8.48,5.766315,1763700
10/29/2020,8.41,8.7,8.32,8.63,5.868315,1369400
10/30/2020,8.58,8.72,8.46,8.7,5.915913,1332400
11/2/2020,8.85,9.16,8.75,9,6.11991,1003700
11/3/2020,9.17,9.29,8.94,9.1,6.187909,865900
11/4/2020,9.01,9.11,8.73,8.79,5.977113,1201400
11/5/2020,8.84,8.99,8.79,8.86,6.024712,1019400
11/6/2020,8.9,8.93,8.63,8.64,5.875114,1024300
11/9/2020,9.08,10.38,9.08,10.01,6.806701,3156300
11/10/2020,10.08,11.21,10.04,11.06,7.52069,2728800
11/11/2020,11.13,11.15,10.2,10.3,7.003897,1709900
11/12/2020,10.13,10.3,9.86,9.99,6.7931,1013000
11/13/2020,10.04,10.32,10.04,10.24,6.963097,890100
11/16/2020,10.72,10.95,10.59,10.75,7.309894,1417500
11/17/2020,10.64,10.93,10.57,10.86,7.384692,823800
11/18/2020,10.93,11.17,10.72,10.73,7.296293,1270400
11/19/2020,10.67,10.85,10.5,10.84,7.371093,652000
11/20/2020,10.8,10.84,10.48,10.63,7.228294,954000
11/23/2020,10.74,11.16,10.74,11.09,7.54109,1409700
11/24/2020,11.35,11.71,11.32,11.41,7.758687,1584600
11/25/2020,11.38,11.45,11.11,11.32,7.697488,865500
11/27/2020,11.29,11.51,11.19,11.2,7.615888,650100
11/30/2020,11.2,11.26,10.74,10.78,7.330292,1358400
12/1/2020,10.98,11.18,10.9,11.06,7.52069,1256300
12/2/2020,11.07,11.36,10.98,11.27,7.663489,987200
12/3/2020,11.4,11.46,11.12,11.15,7.581889,897400
12/4/2020,11.29,11.6,11.29,11.51,7.826685,1294900
12/7/2020,11.47,11.51,11.15,11.24,7.643088,1303500
12/8/2020,11.16,11.42,11.14,11.36,7.724687,755200
12/9/2020,11.49,11.49,11.13,11.24,7.643088,793600
12/10/2020,11.12,11.28,11.05,11.16,7.588689,977700
12/11/2020,11.15,11.32,11.09,11.3,7.683887,961700
12/14/2020,11.31,11.6,11.24,11.5,7.819885,1958600
12/15/2020,11.5,11.86,11.5,11.76,7.996684,1597900
12/16/2020,11.75,11.83,11.61,11.73,7.976282,1306600
12/17/2020,11.8,11.85,11.47,11.74,7.983084,1166800
12/18/2020,11.8,12.05,11.48,11.57,7.867484,4449000
12/21/2020,11.43,11.54,11.25,11.33,7.704287,1257100
12/22/2020,11.4,11.47,11.28,11.36,7.724687,799200
12/23/2020,11.39,11.7,11.33,11.49,7.813085,1376800
12/24/2020,11.55,11.66,11.37,11.54,7.847085,432400
12/28/2020,11.55,11.8,11.55,11.63,7.908285,1021000
12/29/2020,11.63,11.77,11.52,11.58,7.874285,1102600
12/30/2020,11.25,11.37,11.15,11.24,7.881297,1173300
12/31/2020,11.2,11.23,11.03,11.17,7.832214,1121400
1/4/2021,11.33,11.34,10.69,10.81,7.579787,1399800
1/5/2021,10.83,11,10.8,10.91,7.649905,952200
1/6/2021,11.11,11.72,11.1,11.56,8.105675,1962400
1/7/2021,11.54,11.59,11.14,11.28,7.909344,886400
1/8/2021,11.26,11.31,11.04,11.31,7.930379,997500
1/11/2021,11.22,11.45,11.19,11.25,7.888307,737900
1/12/2021,11.27,11.38,11.2,11.36,7.965439,719800
1/13/2021,11.36,11.55,11.32,11.42,8.00751,567400
1/14/2021,11.51,11.74,11.41,11.71,8.210852,781300
1/15/2021,11.67,11.67,11.45,11.5,8.063603,864100
1/19/2021,11.55,11.7,11.46,11.6,8.133722,823000
1/20/2021,11.61,11.81,11.61,11.78,8.259934,637900
1/21/2021,11.75,11.83,11.54,11.68,8.189817,835800
1/22/2021,11.55,11.84,11.52,11.84,8.302007,741500
1/25/2021,11.75,11.94,11.6,11.9,8.344077,732600
1/26/2021,11.95,11.98,11.68,11.73,8.224874,1347700
1/27/2021,11.61,11.77,11.53,11.55,8.098663,1215100
1/28/2021,11.65,11.89,11.49,11.77,8.252924,1028600
1/29/2021,11.71,11.73,11.18,11.18,7.839227,1950100
2/1/2021,11.25,11.5,11.02,11.49,8.056591,981000
2/2/2021,11.6,11.75,11.45,11.69,8.196828,995100
2/3/2021,11.69,11.74,11.47,11.5,8.063603,980600
2/4/2021,11.59,11.94,11.58,11.84,8.302007,1191700
2/5/2021,11.93,12.08,11.85,11.9,8.344077,996900
2/8/2021,11.94,12.18,11.94,12.17,8.533398,682100
2/9/2021,12.15,12.28,12.06,12.17,8.533398,674300
2/10/2021,12.29,12.46,12.21,12.39,8.687657,804800
2/11/2021,12.42,12.8,12.42,12.74,8.933071,1052500
2/12/2021,12.8,12.98,12.7,12.87,9.024224,776900
2/16/2021,13,13.12,12.93,13.08,9.171474,732200
2/17/2021,13,13.15,12.65,12.75,8.940082,801200
2/18/2021,12.7,12.95,12.55,12.56,8.806856,854100
2/19/2021,12.61,12.92,12.61,12.89,9.038249,651300
2/22/2021,12.85,13.13,12.77,13.07,9.16446,940300
2/23/2021,13.07,13.15,12.81,13.03,9.136415,793200
2/24/2021,13.09,13.66,13.09,13.61,9.5431,790500
2/25/2021,13.66,13.86,13,13.04,9.143425,867300
2/26/2021,13.11,13.45,12.96,13.29,9.318723,1059000
3/1/2021,13.5,13.79,13.49,13.55,9.501028,748600
3/2/2021,13.55,13.74,13.25,13.66,9.578159,1026800
3/3/2021,13.7,14.1,13.65,13.83,9.69736,781000
3/4/2021,13.83,13.91,13.16,13.47,9.444936,1171700
3/5/2021,13.69,13.81,13.08,13.75,9.641265,1161200
3/8/2021,13.87,14.31,13.82,14.13,9.907716,1200700
3/9/2021,14.13,14.13,13.81,13.91,9.753455,863000
3/10/2021,13.94,14.32,13.91,14.21,9.96381,900100
3/11/2021,14.4,14.49,14.14,14.32,10.04094,738000
3/12/2021,14.42,14.74,14.42,14.65,10.272329,1039600
3/15/2021,14.65,14.76,14.55,14.76,10.349462,870000
3/16/2021,14.65,14.75,14.42,14.54,10.195201,835200
3/17/2021,14.62,14.97,14.56,14.97,10.496709,759800
3/18/2021,15,15.11,14.49,14.56,10.209226,975600
3/19/2021,14.59,14.94,14.28,14.63,10.258307,2965300
3/22/2021,14.67,14.67,14.33,14.47,10.146117,1118400
3/23/2021,14.33,14.47,13.97,14.04,9.844609,821900
3/24/2021,14.21,14.64,13.98,13.98,9.802537,1555800
3/25/2021,13.94,14.34,13.67,14.21,9.96381,1318700
3/26/2021,14.4,14.55,14.17,14.51,10.174164,997400
3/29/2021,14.5,14.65,14.21,14.21,9.96381,1155600
3/30/2021,13.99,14.24,13.91,14.21,10.215421,801200
3/31/2021,14.12,14.26,13.96,13.97,10.042888,1460800
4/1/2021,14.01,14.22,13.86,14.21,10.215421,625100
4/5/2021,14.28,14.33,14,14.13,10.157911,635900
4/6/2021,14.15,14.22,14.07,14.09,10.129155,521300
4/7/2021,14.13,14.21,14.03,14.12,10.150722,503100
4/8/2021,14.11,14.4,14,14.4,10.352011,802400
4/9/2021,14.4,14.48,14.31,14.48,10.409521,773000
4/12/2021,14.5,14.67,14.41,14.61,10.502975,766700
4/13/2021,14.56,14.78,14.46,14.7,10.567677,588600
4/14/2021,14.7,14.96,14.69,14.86,10.682699,702300
4/15/2021,14.99,14.99,14.72,14.98,10.768966,644900
4/16/2021,15,15.17,14.95,14.95,10.747397,853800
4/19/2021,14.95,14.97,14.57,14.63,10.517355,756900
4/20/2021,14.59,14.63,14.27,14.6,10.495789,921500
4/21/2021,14.6,14.98,14.44,14.98,10.768966,950600
4/22/2021,14.97,15.05,14.78,14.81,10.646755,753000
4/23/2021,14.88,15.29,14.85,15.11,10.862421,929500
4/26/2021,15.21,15.35,14.93,14.96,10.754588,770800
4/27/2021,14.96,15.28,14.93,15.25,10.963066,863800
4/28/2021,15.36,15.41,15.2,15.25,10.963066,1296900
4/29/2021,15.31,15.54,15.19,15.37,11.049334,1503300
4/30/2021,15.25,15.3,15.12,15.21,10.934309,895200
5/3/2021,15.35,15.44,15.25,15.37,11.049334,1126300
5/4/2021,15.37,15.4,15,15.08,10.840856,973500
5/5/2021,15.09,15.35,14.94,15.24,10.955878,733800
5/6/2021,15.23,15.33,15.03,15.32,11.013389,812000
5/7/2021,15.24,15.43,15.22,15.29,10.991822,713200
5/10/2021,15.37,15.44,15.04,15.05,10.819288,1002500
5/11/2021,14.86,14.95,14.65,14.91,10.718643,725500
5/12/2021,14.88,14.91,14.31,14.34,10.308876,1155200
5/13/2021,14.4,14.99,14.34,14.93,10.733021,981600
5/14/2021,15,15.21,14.97,15.2,10.927122,672000
5/17/2021,15.09,15.24,14.91,15.2,10.927122,558800
5/18/2021,15.23,15.26,14.95,14.95,10.747397,1506300
5/19/2021,14.85,15.1,14.72,15.05,10.819288,971200
5/20/2021,15.06,15.44,15,15.37,11.049334,719800
5/21/2021,15.44,15.5,15.26,15.35,11.034956,599800
5/24/2021,15.4,15.5,15.23,15.41,11.078089,661100
5/25/2021,15.44,15.58,15.19,15.21,10.934309,834200
5/26/2021,15.23,15.57,15.18,15.52,11.157168,746200
5/27/2021,15.63,15.69,15.52,15.54,11.171545,531400
5/28/2021,15.6,15.7,15.51,15.65,11.250623,485600
6/1/2021,15.53,15.98,15.3,15.92,11.444721,1016100
6/2/2021,16.059999,16.07,15.81,15.9,11.430345,726100
6/3/2021,15.85,16,15.77,16,11.502234,562500
6/4/2021,16.049999,16.1,15.74,16.040001,11.53099,919300
6/7/2021,16.059999,16.549999,16.049999,16.5,11.861679,1050700
6/8/2021,16.5,16.75,16.469999,16.610001,11.940758,1222400
6/9/2021,16.620001,16.74,16.49,16.530001,11.883245,988500
6/10/2021,16.719999,16.75,16.35,16.35,11.753844,715100
6/11/2021,16.41,16.57,16.26,16.559999,11.904809,546000
6/14/2021,16.690001,16.809999,16.49,16.540001,11.890434,614700
6/15/2021,16.57,16.59,16.35,16.49,11.854489,686600
6/16/2021,16.5,16.940001,16.469999,16.780001,12.062968,993900
6/17/2021,16.82,16.9,16.27,16.440001,11.818546,868800
6/18/2021,16.27,16.27,15.71,15.9,11.430345,2118000
6/21/2021,15.92,16.48,15.91,16.440001,11.818546,683300
6/22/2021,16.43,16.5,16.219999,16.4,11.789789,569100
6/23/2021,16.450001,16.58,16.33,16.33,11.739468,987000
6/24/2021,16.41,16.639999,16.309999,16.59,11.926378,717600
6/25/2021,16.610001,16.709999,16.5,16.52,11.876056,1725200
6/28/2021,16.52,16.52,16.07,16.360001,11.761035,805100
6/29/2021,16,16.15,15.84,15.84,11.636151,583600
6/30/2021,15.8,16.01,15.74,15.95,11.716958,679300
7/1/2021,16.01,16.129999,15.9,16.01,11.761034,595900
7/2/2021,16.049999,16.049999,15.79,15.81,11.614112,484700
7/6/2021,15.83,15.87,15.41,15.61,11.467191,767300
7/7/2021,15.62,15.65,15.24,15.36,11.28354,746900
7/8/2021,15.15,15.35,14.79,14.97,10.997044,1434800
7/9/2021,15.1,15.7,15.1,15.69,11.525961,883800
7/12/2021,15.7,15.82,15.46,15.8,11.606765,597600
7/13/2021,15.71,15.72,15.38,15.44,11.342309,685800
7/14/2021,15.42,15.65,15.09,15.21,11.173348,802400
7/15/2021,15.21,15.47,15.1,15.29,11.232119,1415800
7/16/2021,15.44,15.56,15.13,15.3,11.239465,995000
7/19/2021,14.98,15.14,14.61,14.95,10.982351,1418100
7/20/2021,14.98,15.6,14.93,15.46,11.357001,1324000
7/21/2021,15.55,15.9,15.55,15.78,11.592072,1091500
7/22/2021,15.73,15.81,15.35,15.38,11.298233,639300
7/23/2021,15.53,15.65,15.32,15.52,11.401078,629800
7/26/2021,15.59,15.92,15.59,15.65,11.496575,746000
7/27/2021,15.53,15.54,15.18,15.42,11.327618,663500
7/28/2021,15.48,15.64,15.28,15.46,11.357001,704200
7/29/2021,15.54,15.76,15.33,15.38,11.298233,1666900
7/30/2021,15.44,15.67,15.09,15.22,11.180696,1003100
8/2/2021,15.24,15.51,15.06,15.08,11.077849,816400
8/3/2021,15.14,15.41,14.81,15.35,11.276195,1328700
8/4/2021,15.22,15.34,15.01,15.01,11.026429,735700
8/5/2021,15.1,15.36,15.1,15.32,11.254156,527300
8/6/2021,15.48,15.61,15.28,15.39,11.305579,420700
8/9/2021,15.32,15.39,15.12,15.13,11.11458,390800
8/10/2021,15.13,15.41,15.04,15.38,11.298233,609400
8/11/2021,15.4,15.41,15.22,15.4,11.312924,467100
8/12/2021,15.4,15.4,15.21,15.28,11.224772,559500
8/13/2021,15.26,15.33,15.2,15.25,11.202733,654900
8/16/2021,15.2,15.21,15.02,15.1,11.092544,500900
8/17/2021,15,15.19,14.88,15.18,11.151311,821500
8/18/2021,15.07,15.3,15.01,15.02,11.033773,727400
8/19/2021,14.82,14.88,14.63,14.74,10.828085,885400
8/20/2021,14.66,14.98,14.6,14.98,11.00439,612000
8/23/2021,15.08,15.16,15,15.13,11.11458,451800
8/24/2021,15.24,15.29,15.14,15.21,11.173348,509500
8/25/2021,15.15,15.48,15.12,15.38,11.298233,633200
8/26/2021,15.35,15.45,15.06,15.07,11.070504,506700
8/27/2021,15.1,15.59,15.1,15.55,11.423118,731300
8/30/2021,15.6,15.6,15.36,15.44,11.342309,522800
8/31/2021,15.44,15.64,15.44,15.55,11.423118,443800
9/1/2021,15.58,15.72,15.47,15.62,11.474537,553700
9/2/2021,15.68,15.68,15.46,15.5,11.386386,467200
9/3/2021,15.45,15.49,15.36,15.49,11.37904,467000
9/7/2021,15.5,15.62,15.34,15.41,11.320271,695600
9/8/2021,15.35,15.4,15.11,15.12,11.107235,965500
9/9/2021,15.1,15.41,15.06,15.2,11.166003,504900
9/10/2021,15.2,15.28,14.81,14.81,10.879508,789000
9/13/2021,14.94,15.04,14.81,15.02,11.033773,558300
9/14/2021,15.11,15.11,14.87,14.97,10.997044,553100
9/15/2021,14.96,15.21,14.93,15.19,11.158657,543000
9/16/2021,15.19,15.26,15.11,15.13,11.11458,414600
9/17/2021,15.21,15.29,15.09,15.22,11.180696,1684700
9/20/2021,14.95,15.05,14.66,14.89,10.938275,1288400
9/21/2021,14.92,15.08,14.86,14.88,10.93093,758800
9/22/2021,14.97,15.3,14.95,15.14,11.121928,590500
9/23/2021,15.2,15.33,15.2,15.26,11.210079,591100
9/24/2021,15.25,15.33,15.17,15.26,11.210079,648700
9/27/2021,15.35,15.66,15.32,15.42,11.327618,793600
9/28/2021,15.45,15.5,15.26,15.34,11.268847,960500
9/29/2021,15,15.08,14.85,15,11.276365,685800
9/30/2021,15.09,15.14,14.83,14.83,11.148568,775900
10/1/2021,14.92,15.24,14.83,15.13,11.374094,868800
10/4/2021,15.17,15.34,15.05,15.07,11.328988,596600
10/5/2021,15.08,15.22,14.95,15.15,11.389129,531400
10/6/2021,15.01,15.17,14.86,15.16,11.396646,452000
10/7/2021,15.21,15.38,15.09,15.15,11.389129,677700
10/8/2021,15.13,15.25,15.08,15.12,11.366577,269500
10/11/2021,15.15,15.28,15.03,15.11,11.359059,336100
10/12/2021,15.17,15.5,15.09,15.28,11.486858,653600
10/13/2021,15.28,15.38,15.16,15.36,11.546998,403600
10/14/2021,15.4,15.55,15.38,15.43,11.599623,488400
10/15/2021,15.66,15.98,15.32,15.32,11.516929,682700
10/18/2021,15.28,15.44,15.24,15.38,11.562035,468600
10/19/2021,15.44,15.44,15.28,15.32,11.516929,430600
10/20/2021,15.27,15.62,15.26,15.53,11.674798,485300
10/21/2021,15.55,15.71,15.42,15.49,11.644728,685200
10/22/2021,15.56,15.62,15.41,15.5,11.652246,548200
10/25/2021,15.5,15.66,15.49,15.57,11.704868,582700
10/26/2021,15.51,15.51,14.92,15.04,11.306437,1496700
10/27/2021,15,15.15,14.94,14.97,11.253813,780100
10/28/2021,15.05,15.2,14.95,15.17,11.404163,741400
10/29/2021,15.15,15.16,15.01,15.14,11.381613,824800
11/1/2021,15.17,15.47,15.15,15.47,11.629693,1037800
11/2/2021,15.46,15.46,15.02,15.1,11.351542,738700
11/3/2021,15.05,15.39,15.05,15.3,11.501894,945400
11/4/2021,15.33,15.4,15.03,15.16,11.396646,672200
11/5/2021,15.3,15.64,15.28,15.64,11.757492,1418500
11/8/2021,15.69,15.76,15.4,15.53,11.674798,833400
11/9/2021,15.5,15.61,15.4,15.47,11.629693,737600
11/10/2021,15.46,15.58,15.26,15.3,11.501894,834000
11/11/2021,15.32,15.45,15.3,15.43,11.599623,411500
11/12/2021,15.4,15.4,15.07,15.13,11.374094,1069500
11/15/2021,15.15,15.25,14.71,14.86,11.17112,2382300
11/16/2021,14.86,14.98,14.42,14.56,10.945593,2410400
11/17/2021,14.55,14.59,14.08,14.34,10.780206,3044100
11/18/2021,14.39,14.42,14.04,14.26,10.720065,1049400
11/19/2021,14.13,14.3,14.06,14.2,10.674959,882500
11/22/2021,14.3,14.39,14.06,14.06,10.569715,811500
11/23/2021,14.1,14.23,13.98,14.19,10.667441,903700
11/24/2021,14.17,14.27,14.1,14.2,10.674959,383200
11/26/2021,14,14.08,13.53,14.01,10.532127,1137300
11/29/2021,14.17,14.17,13.76,13.91,10.45695,1081400
11/30/2021,13.76,13.78,13.43,13.53,10.171281,1329300
12/1/2021,13.8,14.01,13.34,13.35,10.035965,1382600
12/2/2021,13.5,13.86,13.39,13.79,10.366739,1002600
12/3/2021,13.94,13.94,13.52,13.56,10.193834,1211300
12/6/2021,13.83,14.16,13.72,14.01,10.532127,1269600
12/7/2021,14.1,14.2,13.99,14.02,10.539644,974800
12/8/2021,14.06,14.13,13.94,13.94,10.479503,1153900
12/9/2021,13.9,13.9,13.65,13.72,10.314116,931600
12/10/2021,13.83,13.84,13.34,13.42,10.088588,1265200
12/13/2021,13.31,13.32,12.93,13.09,9.840509,1500800
12/14/2021,13.12,13.26,12.86,12.87,9.675121,1034800
12/15/2021,12.9,13.15,12.76,13.15,9.885614,1324000
12/16/2021,13.35,13.37,12.9,13.01,9.780369,1330700
12/17/2021,12.93,13.14,12.79,12.98,9.757815,2661800
12/20/2021,12.85,12.88,12.44,12.65,9.509735,1543100
12/21/2021,12.76,13.32,12.76,13.26,9.968307,1064900
12/22/2021,13.21,13.45,13.16,13.38,10.058518,972600
12/23/2021,13.4,13.6,13.37,13.46,10.118659,644200
12/27/2021,13.46,13.5,13.21,13.46,10.118659,896900
12/28/2021,13.46,13.68,13.42,13.5,10.148729,736700
12/29/2021,13.51,13.58,13.41,13.55,10.186317,972200
12/30/2021,13.17,13.31,13.04,13.05,10.070562,1606500
12/31/2021,13.08,13.22,13.06,13.16,10.155449,1106900
1/3/2022,13.27,13.5,13.27,13.32,10.27892,1737800
1/4/2022,13.41,13.64,13.39,13.44,10.371523,885400
1/5/2022,13.53,13.68,13.43,13.49,10.410107,1039700
1/6/2022,13.59,13.73,13.5,13.52,10.433258,709900
1/7/2022,13.57,13.77,13.5,13.71,10.579881,957900
1/10/2022,13.68,13.84,13.59,13.66,10.541296,1210900
1/11/2022,13.61,13.89,13.59,13.89,10.718784,804800
1/12/2022,13.89,13.97,13.7,13.77,10.626183,1077400
1/13/2022,13.88,14.14,13.87,13.94,10.757368,877000
1/14/2022,13.84,14.02,13.77,14.02,10.819104,754500
1/18/2022,14.05,14.26,13.95,13.95,10.765085,1311800
1/19/2022,13.96,14.13,13.79,13.8,10.649331,882000
1/20/2022,13.78,13.94,13.47,13.47,10.394674,1405700
1/21/2022,13.45,13.56,13.26,13.28,10.248054,1606700
1/24/2022,13.11,13.28,12.66,13.2,10.186318,1451200
1/25/2022,13.04,13.51,12.89,13.38,10.325222,1309300
1/26/2022,13.46,13.68,13.17,13.28,10.248054,969500
1/27/2022,13.36,13.56,13.06,13.15,10.147733,952100
1/28/2022,13.12,13.29,12.86,13.29,10.255769,1579400
1/31/2022,13.21,13.67,13.19,13.65,10.533578,1978200
2/1/2022,13.65,13.71,13.39,13.61,10.502711,1698000
2/2/2022,13.65,13.69,13.34,13.45,10.37924,1066900
2/3/2022,13.35,13.47,13.21,13.22,10.201752,1528600
2/4/2022,13.19,13.35,13.04,13.2,10.186318,1291500
2/7/2022,13.28,13.43,13.15,13.28,10.248054,893100
2/8/2022,13.31,13.37,13.17,13.26,10.232618,1705600
2/9/2022,13.37,13.59,13.18,13.2,10.186318,1894200
2/10/2022,13.22,13.4,12.76,12.8,9.877642,2396900
2/11/2022,12.8,13.02,12.51,12.66,9.769604,1743900
2/14/2022,12.8,13,12.8,12.91,9.962527,2681600
2/15/2022,13.08,13.25,12.95,13.2,10.186318,1342100
2/16/2022,13.2,13.4,13.18,13.38,10.325222,1032900
2/17/2022,13.27,13.38,13.18,13.38,10.325222,1851600
2/18/2022,13.4,13.61,13.36,13.47,10.394674,1949000
2/22/2022,13.45,13.47,12.81,12.88,9.939377,1726100
2/23/2022,12.94,12.95,12.56,12.56,9.692435,1324100
2/24/2022,12.25,12.85,12.1,12.77,9.85449,1498900
2/25/2022,12.81,13.09,12.81,13.01,10.039697,977300
2/28/2022,12.89,13.09,12.8,13.05,10.070562,1276400
3/1/2022,13.06,13.1,12.74,13,10.031981,1168400
3/2/2022,13.02,13.4,13.01,13.38,10.325222,778500
3/3/2022,13.47,13.47,13.25,13.45,10.37924,840900
3/4/2022,13.29,13.35,13.11,13.34,10.294353,893100
3/7/2022,13.32,13.32,12.94,12.94,9.985678,1221200
3/8/2022,12.99,13.37,12.96,13.16,10.155449,947900
3/9/2022,13.4,13.48,13.21,13.24,10.217185,1010400
3/10/2022,13.08,13.28,13.03,13.28,10.248054,573700
3/11/2022,13.34,13.5,13.28,13.39,10.332938,607300
3/14/2022,13.53,13.6,13.34,13.44,10.371523,889700
3/15/2022,13.54,13.66,13.39,13.5,10.417825,711500
3/16/2022,13.55,13.7,13.41,13.67,10.549012,996000
3/17/2022,13.56,13.79,13.55,13.76,10.618464,589400
3/18/2022,13.78,13.99,13.61,13.93,10.749652,1889700
3/21/2022,13.93,14.11,13.9,13.99,10.795951,970200
3/22/2022,14.06,14.21,14.01,14.06,10.849973,991600
3/23/2022,14,14.14,13.9,13.94,10.757368,1095700
3/24/2022,13.95,14.08,13.85,14.06,10.849973,797500
3/25/2022,14.1,14.33,14.04,14.33,11.058328,1611900
3/28/2022,14.33,14.37,14.18,14.26,11.00431,1296400
3/29/2022,14.35,14.55,14.33,14.52,11.20495,1391600
3/30/2022,14.19,14.2,13.85,13.85,10.951909,1150200
3/31/2022,13.82,14.03,13.76,13.93,11.015169,1054300
4/1/2022,13.96,14.16,13.92,14.16,11.197041,1118200
4/4/2022,14.16,14.19,13.89,14.16,11.197041,956300
4/5/2022,14.2,14.26,13.81,13.86,10.959815,950400
4/6/2022,13.86,13.9,13.59,13.68,10.81748,1198400
4/7/2022,13.65,13.75,13.18,13.24,10.469549,1438600
4/8/2022,13.26,13.51,13.2,13.41,10.603977,806700
4/11/2022,13.44,13.61,13.41,13.5,10.675146,845300
4/12/2022,13.6,13.71,13.57,13.61,10.762129,780600
4/13/2022,13.64,13.94,13.62,13.9,10.991446,1040400
4/14/2022,13.95,14.09,13.9,13.97,11.046799,985900
4/18/2022,13.96,14.1,13.84,13.91,10.999353,840400
4/19/2022,13.92,13.99,13.49,13.58,10.738406,1544500
4/20/2022,13.74,13.99,13.71,13.85,10.951909,989900
4/21/2022,13.97,14.03,13.69,13.72,10.849111,850500
4/22/2022,13.67,13.73,13.36,13.36,10.56444,1083800
4/25/2022,13.25,13.34,12.93,13.28,10.501181,1368000
4/26/2022,13.15,13.25,12.7,12.74,10.074174,1849300
4/27/2022,12.75,12.85,12.52,12.55,9.923932,1556800
4/28/2022,12.52,12.72,12.33,12.64,9.995099,1370700
4/29/2022,12.62,12.66,12.04,12.04,9.520648,1135300
5/2/2022,12.14,12.23,11.73,11.91,9.41785,1378700
5/3/2022,11.91,12.5,11.91,12.46,9.852762,1292500
5/4/2022,12.53,12.84,12.39,12.81,10.129526,882700
5/5/2022,12.68,12.73,12.33,12.46,9.852762,919800
5/6/2022,12.42,12.57,12.26,12.44,9.836948,933800
5/9/2022,12.31,12.4,11.81,11.91,9.41785,1448400
5/10/2022,12.02,12.23,11.68,11.89,9.402036,1216300
5/11/2022,11.91,12.13,11.76,11.83,9.354589,1271500
5/12/2022,11.79,11.85,11.54,11.84,9.362497,1610500
5/13/2022,11.91,12.32,11.86,12.25,9.686707,1230500
5/16/2022,12.28,12.51,12.25,12.42,9.821133,1096200
5/17/2022,12.54,12.79,12.5,12.71,10.050452,999700
5/18/2022,12.71,12.71,12.32,12.36,9.773688,1425600
5/19/2022,12.25,12.48,12.08,12.08,9.552279,1490500
5/20/2022,12.11,12.17,11.7,11.94,9.441573,1074500
5/23/2022,12.06,12.25,11.95,12.16,9.615538,766500
5/24/2022,12.17,12.21,11.83,12.18,9.631353,879800
5/25/2022,12.15,12.34,12.12,12.26,9.694613,765100
5/26/2022,12.36,12.69,12.33,12.58,9.947653,989500
5/27/2022,12.61,12.79,12.58,12.76,10.08999,601900
5/31/2022,12.76,12.83,12.66,12.73,10.066266,873100
6/1/2022,12.76,12.82,12.38,12.58,9.947653,952000
6/2/2022,12.58,12.62,12.43,12.6,9.96347,678300
6/3/2022,12.55,12.58,12.4,12.42,9.821133,842500
6/6/2022,12.51,12.54,12.37,12.38,9.789503,594300
6/7/2022,12.35,12.56,12.28,12.55,9.923932,701800
6/8/2022,12.49,12.53,12.21,12.27,9.702521,675400
6/9/2022,12.22,12.31,12.02,12.03,9.512741,723100
6/10/2022,11.99,12,11.73,11.83,9.354589,1100200
6/13/2022,11.63,11.64,10.39,10.48,8.287075,2168900
6/14/2022,10.49,10.55,9.99,10.09,7.978683,1330200
6/15/2022,10.12,10.32,9.83,10.14,8.01822,2010000
6/16/2022,9.91,9.97,9.5,9.57,7.567492,1951300
6/17/2022,9.6,9.84,9.41,9.76,7.717735,3669200
6/21/2022,10.01,10.39,9.96,10.18,8.04985,1448500
6/22/2022,10.14,10.46,10.08,10.37,8.200092,1322700
6/23/2022,10.39,10.64,10.35,10.63,8.405689,1047200
6/24/2022,10.74,11.19,10.71,11.08,8.761526,1871900
6/27/2022,11.15,11.24,10.96,10.99,8.690359,1240100
6/28/2022,11.1,11.21,10.8,10.85,8.579655,1397900
6/29/2022,10.36,10.4,10.22,10.27,8.391719,940100
6/30/2022,10.11,10.44,10.06,10.44,8.530627,1288000
7/1/2022,10.4,10.9,10.4,10.84,8.857471,1233900
7/5/2022,10.69,10.81,10.44,10.8,8.824785,1220800
7/6/2022,10.8,10.89,10.49,10.56,8.62868,813100
7/7/2022,10.65,10.82,10.56,10.7,8.743075,559100
7/8/2022,10.72,10.79,10.6,10.74,8.77576,584800
7/11/2022,10.74,10.82,10.58,10.63,8.685878,506400
7/12/2022,10.61,10.78,10.56,10.64,8.694049,562900
7/13/2022,10.55,10.77,10.51,10.72,8.759418,703600
7/14/2022,10.55,10.57,10.3,10.44,8.530627,809500
7/15/2022,10.64,10.72,10.34,10.63,8.685878,1067700
7/18/2022,10.75,10.77,10.53,10.69,8.734904,778900
7/19/2022,10.79,11.18,10.79,11.1,9.06992,843700
7/20/2022,11.11,11.37,11.02,11.33,9.257854,1215300
7/21/2022,11.24,11.42,11.17,11.42,9.331395,1208300
7/22/2022,11.43,11.51,11.31,11.42,9.331395,977800
7/25/2022,11.37,11.57,11.37,11.56,9.445791,657300
7/26/2022,11.48,11.63,11.36,11.46,9.364079,1213900
7/27/2022,11.65,12.14,11.64,12.09,9.878859,1271400
7/28/2022,12.1,12.73,12.1,12.68,10.360953,1614600
7/29/2022,12.72,12.93,12.69,12.78,10.442664,1045700
8/1/2022,12.74,12.85,12.57,12.68,10.360953,834600
8/2/2022,12.54,12.55,12.11,12.12,9.903371,1154000
8/3/2022,12.27,12.31,12.15,12.24,10.001425,687600
8/4/2022,12.3,12.38,12.16,12.38,10.11582,611800
8/5/2022,12.29,12.59,12.19,12.49,10.205703,807500
8/8/2022,12.54,12.8,12.54,12.7,10.377295,942200
8/9/2022,12.7,12.7,12.47,12.66,10.344609,708900
8/10/2022,12.76,12.84,12.71,12.76,10.426322,1098100
8/11/2022,12.81,12.93,12.69,12.83,10.483521,736500
8/12/2022,12.87,13.02,12.78,13,10.622429,632300
8/15/2022,12.95,13.02,12.86,13.01,10.6306,711500
8/16/2022,12.94,13.1,12.88,13.07,10.679626,852200
8/17/2022,12.89,12.92,12.62,12.8,10.459006,836200
8/18/2022,12.77,13.02,12.76,12.82,10.475348,801400
8/19/2022,12.75,12.77,12.57,12.59,10.287413,1995300
8/22/2022,12.42,12.45,12.26,12.3,10.050451,710300
8/23/2022,12.3,12.55,12.3,12.49,10.205703,683600
8/24/2022,12.55,12.57,12.41,12.49,10.205703,569200
8/25/2022,12.53,12.78,12.51,12.68,10.360953,785500
8/26/2022,12.72,12.77,12.42,12.46,10.181188,728600
8/29/2022,12.35,12.44,12.23,12.25,10.009597,932200
8/30/2022,12.33,12.34,11.69,11.75,9.601041,1434600
8/31/2022,11.7,11.99,11.64,11.65,9.51933,1060500
9/1/2022,11.65,11.67,11.23,11.37,9.290539,1320500
9/2/2022,11.57,11.57,11.21,11.29,9.22517,1173400
9/6/2022,11,11.13,10.69,10.93,8.93101,1864100
9/7/2022,10.92,11.16,10.83,11.14,9.102605,922500
9/8/2022,11.04,11.13,10.92,11.07,9.045405,677000
9/9/2022,11.12,11.4,11.09,11.38,9.298711,783200
9/12/2022,11.49,11.63,11.48,11.62,9.494817,973400
9/13/2022,11.33,11.4,11.02,11.08,9.053577,1163300
9/14/2022,11.1,11.29,11.09,11.28,9.217,1154700
9/15/2022,11.29,11.43,11.12,11.19,9.143459,1012900
9/16/2022,11.12,11.19,10.89,11.18,9.135289,2698800
9/19/2022,11.08,11.37,11.04,11.35,9.274197,1182800
9/20/2022,11.18,11.35,11.11,11.21,9.159801,743700
9/21/2022,11.33,11.37,11.05,11.05,9.029064,846200
9/22/2022,11.05,11.06,10.56,10.59,8.653193,1185700
9/23/2022,10.46,10.47,10.06,10.25,8.375377,1575400
9/26/2022,10.2,10.29,9.48,9.51,7.770715,1800100
9/27/2022,9.67,9.83,9.13,9.24,7.550094,1923000
9/28/2022,9.37,9.59,9.26,9.46,7.72986,1463700
9/29/2022,8.97,9.02,8.2,8.36,7.093482,2483900
9/30/2022,8.43,8.57,8.26,8.3,7.042572,2619600
10/3/2022,8.47,8.54,7.91,8.5,7.212272,2578000
10/4/2022,8.72,9.27,8.67,9.24,7.840164,2098800
10/5/2022,9.05,9.05,8.55,8.97,7.611069,2244800
10/6/2022,8.91,8.97,8.65,8.7,7.381973,1971300
10/7/2022,8.61,8.86,8.42,8.47,7.186818,2582200
10/10/2022,8.56,8.74,8.38,8.41,7.135907,1830100
10/11/2022,8.36,8.98,8.28,8.86,7.517734,2467200
10/12/2022,8.86,9.1,8.67,9.01,7.64501,1745300
10/13/2022,8.8,9.37,8.68,9.35,7.933501,1755200
10/14/2022,9.46,9.61,9.08,9.08,7.704405,1365500
10/17/2022,9.32,9.65,9.23,9.49,8.052291,1414600
10/18/2022,9.72,9.87,9.36,9.48,8.043805,1289600
10/19/2022,9.33,9.47,9.23,9.33,7.91653,808000
10/20/2022,9.32,9.46,9.22,9.27,7.86562,803700
10/21/2022,9.36,9.51,9.21,9.5,8.060776,897100
10/24/2022,9.48,9.58,9.26,9.53,8.086231,1081400
10/25/2022,10.48,11.47,10.22,11.25,9.545655,3056800
10/26/2022,11.3,11.72,11.24,11.4,9.672931,1623400
10/27/2022,11.5,11.65,11.2,11.32,9.60505,1639300
10/28/2022,11.3,11.85,11.3,11.67,9.902026,1571200
10/31/2022,11.66,11.66,11.24,11.26,9.55414,1726300
11/1/2022,11.49,11.56,11.2,11.27,9.562625,1110200
11/2/2022,11.27,11.56,11.05,11.08,9.40141,1126700
11/3/2022,10.87,10.91,10.55,10.72,9.095949,1371700
11/4/2022,10.87,11.28,10.85,11.11,9.426865,1273600
11/7/2022,11.22,11.41,11.05,11.4,9.672931,856900
11/8/2022,11.45,11.56,11.29,11.42,9.689901,749700
11/9/2022,11.3,11.59,11.14,11.34,9.622021,734800
11/10/2022,11.75,12.07,11.71,12.06,10.232943,1690400
11/11/2022,12.09,12.43,11.98,12.21,10.360219,887000
11/14/2022,12.21,12.22,11.84,11.97,10.156578,898400
11/15/2022,12.22,12.32,11.9,12.07,10.241427,631300
11/16/2022,12.03,12.03,11.65,11.76,9.978391,849200
11/17/2022,11.63,11.69,11.4,11.6,9.842631,684200
11/18/2022,11.82,11.92,11.62,11.86,10.063242,787800
11/21/2022,11.8,11.92,11.71,11.91,10.105668,670600
11/22/2022,11.9,11.99,11.82,11.97,10.156578,659900
11/23/2022,11.96,12.1,11.84,11.98,10.165061,533600
11/25/2022,11.93,12.13,11.9,12.04,10.215973,349800
11/28/2022,11.9,12.04,11.89,12,10.182033,609300
11/29/2022,12.02,12.07,11.9,12.03,10.207487,694300
11/30/2022,12.03,12.36,11.85,12.36,10.487493,1306200
12/1/2022,12.36,12.47,12.17,12.24,10.385673,939500
12/2/2022,11.94,12.13,11.8,12.11,10.275369,959700
12/5/2022,12.01,12.05,11.52,11.52,9.774752,1107800
12/6/2022,11.59,11.61,11.21,11.28,9.571111,1167300
12/7/2022,11.28,11.53,11.16,11.5,9.75778,1018400
12/8/2022,11.52,11.76,11.5,11.69,9.918996,806800
12/9/2022,11.58,11.73,11.53,11.59,9.834146,531700
12/12/2022,11.53,11.66,11.37,11.66,9.89354,646100
12/13/2022,12.25,12.3,11.8,11.81,10.020816,906600
12/14/2022,11.77,11.94,11.68,11.77,9.986877,905000
12/15/2022,11.61,11.65,11.29,11.43,9.698385,998400
12/16/2022,11.23,11.31,11.04,11.15,9.460805,3316200
12/19/2022,11.19,11.31,11,11.09,9.409894,862400
12/20/2022,11.04,11.08,10.84,11.04,9.36747,876000
12/21/2022,11.2,11.52,11.2,11.42,9.689901,1256500
12/22/2022,11.29,11.41,11.12,11.37,9.647476,1014100
12/23/2022,11.38,11.41,11.25,11.3,9.58808,446300
12/27/2022,11.3,11.42,11.17,11.4,9.672931,904700
12/28/2022,11.49,11.49,10.9,10.9,9.24868,1252300
12/29/2022,10.63,10.88,10.55,10.85,9.511676,1004600
12/30/2022,10.74,10.83,10.61,10.76,9.432776,931900
1/3/2023,10.92,11.1,10.8,10.88,9.537975,1165100
1/4/2023,11.09,11.23,11.06,11.13,9.757138,1014400
1/5/2023,11.11,11.18,10.97,11.08,9.713305,544400
1/6/2023,11.17,11.31,11.11,11.2,9.818502,683400
1/9/2023,11.3,11.33,11.07,11.09,9.722072,959300
1/10/2023,11.06,11.32,10.99,11.31,9.914936,702300
1/11/2023,11.42,11.75,11.42,11.66,10.221763,830200
1/12/2023,11.81,11.93,11.67,11.86,10.397094,745200
1/13/2023,11.79,11.8,11.56,11.74,10.291896,912100
1/17/2023,11.71,11.87,11.61,11.67,10.23053,884700
1/18/2023,11.75,11.79,11.5,11.53,10.107799,636900
1/19/2023,11.36,11.5,11.28,11.49,10.072731,724200
1/20/2023,11.56,11.72,11.4,11.7,10.256829,679500
1/23/2023,11.72,11.97,11.71,11.88,10.414626,740800
1/24/2023,11.79,11.95,11.79,11.8,10.344494,438700
1/25/2023,11.73,11.8,11.63,11.77,10.318195,363100
1/26/2023,11.79,11.87,11.62,11.76,10.309429,466400
1/27/2023,11.77,12.06,11.77,12,10.519824,776400
1/30/2023,11.89,11.93,11.78,11.86,10.397094,633900
1/31/2023,11.94,12.21,11.85,12.17,10.668857,1135700
2/1/2023,12.1,12.43,12.06,12.29,10.774054,956800
2/2/2023,12.35,12.72,12.3,12.64,11.080882,1214300
2/3/2023,12.44,12.75,12.4,12.67,11.107182,1221600
2/6/2023,12.52,12.57,12.19,12.27,10.75652,825000
2/7/2023,12.23,12.41,12.15,12.31,10.791588,968600
2/8/2023,12.2,12.28,12,12.07,10.581191,952700
2/9/2023,11.98,12.28,11.2,11.24,9.853569,1723500
2/10/2023,11.32,11.92,11.26,11.73,10.283129,1550200
2/13/2023,11.71,11.89,11.65,11.87,10.40586,1010800
2/14/2023,11.79,11.92,11.68,11.73,10.283129,722000
2/15/2023,11.65,11.97,11.56,11.96,10.484758,644200
2/16/2023,11.79,12.05,11.74,11.96,10.484758,714200
2/17/2023,11.98,11.98,11.83,11.97,10.493526,569200
2/21/2023,11.79,11.91,11.35,11.5,10.081498,1087700
2/22/2023,11.59,11.83,11.59,11.69,10.248062,863700
2/23/2023,11.76,11.88,11.58,11.81,10.353261,860200
2/24/2023,11.67,11.69,11.41,11.56,10.134098,772700
2/27/2023,11.67,11.73,11.5,11.57,10.142865,529800
2/28/2023,11.57,11.64,11.48,11.49,10.072731,746400
3/1/2023,11.48,11.49,11.21,11.25,9.862335,876400
3/2/2023,11.2,11.22,11,11.09,9.722072,1260100
3/3/2023,11.22,11.45,11.13,11.35,9.950002,619700
3/6/2023,11.4,11.51,11.27,11.3,9.906169,961600
3/7/2023,11.35,11.4,11.2,11.23,9.844803,678000
3/8/2023,11.21,11.23,10.91,11.05,9.687005,834400
3/9/2023,11.07,11.13,10.51,10.54,9.239913,1247200
3/10/2023,10.55,10.59,9.95,10.07,8.827886,1732700
3/13/2023,9.94,10.14,9.54,10.05,8.810353,1962000
3/14/2023,10.42,10.55,9.91,10.14,8.889253,1706400
3/15/2023,9.93,9.93,9.02,9.32,8.170398,4770900
3/16/2023,9.35,9.66,8.99,9.44,8.275595,2291300
3/17/2023,9.35,9.4,8.96,8.99,7.881102,3156400
3/20/2023,9.15,9.48,9.14,9.32,8.170398,1578100
3/21/2023,9.56,9.78,9.54,9.61,8.424626,1392600
3/22/2023,9.6,9.62,9.2,9.22,8.082732,1255500
3/23/2023,9.3,9.39,8.87,8.89,7.793437,1532700
3/24/2023,8.9,9.18,8.7,9.14,8.0126,1487100
3/27/2023,9.35,9.46,9.19,9.3,8.152864,1286700
3/28/2023,9.25,9.44,9.19,9.31,8.161632,1556900
3/29/2023,9.47,9.53,9.36,9.43,8.266829,1384800
3/30/2023,9.18,9.24,8.96,9.07,8.257724,1456500
3/31/2023,9.1,9.31,9.06,9.31,8.476231,1648600
4/3/2023,9.32,9.45,9.14,9.24,8.4125,1128000
4/4/2023,9.31,9.31,9.02,9.13,8.312351,1019900
4/5/2023,9,9.14,8.95,9.06,8.24862,1295700
4/6/2023,9.13,9.19,9.02,9.07,8.257724,985400
4/10/2023,9.07,9.13,8.58,8.92,8.121158,2167100
4/11/2023,9.03,9.19,8.98,9.11,8.294142,1238800
4/12/2023,9.21,9.3,9.12,9.19,8.366977,998900
4/13/2023,9.14,9.2,8.94,9.18,8.357874,1335800
4/14/2023,9.25,9.4,9.07,9.18,8.357874,1379500
4/17/2023,9.13,9.49,9.02,9.45,8.603693,1372900
4/18/2023,9.42,9.45,9.21,9.32,8.485335,849300
4/19/2023,9.25,9.6,9.22,9.52,8.667424,1199400
4/20/2023,9.42,9.56,9.39,9.48,8.631005,1160900
4/21/2023,9.5,9.55,9.3,9.48,8.631005,903800
4/24/2023,9.46,9.5,9.24,9.36,8.521752,1105500
4/25/2023,9.31,9.33,9.13,9.24,8.4125,3179300
4/26/2023,9.3,9.77,9.26,9.36,8.521752,3452800
4/27/2023,9.5,10.01,9.5,10,9.104438,1251000
4/28/2023,9.94,10.13,9.89,10.12,9.213691,1673900
5/1/2023,10.12,10.35,9.93,10.01,9.113542,1419300
5/2/2023,9.95,10,9.39,9.61,8.749364,1340000
5/3/2023,9.65,9.93,9.58,9.61,8.749364,1213500
5/4/2023,9.49,9.59,9.23,9.31,8.476231,1328400
5/5/2023,9.5,9.67,9.4,9.52,8.667424,1251200
5/8/2023,9.63,9.63,9.37,9.55,8.694738,868100
5/9/2023,9.45,9.53,9.34,9.42,8.57638,747500
5/10/2023,9.6,9.64,9.31,9.38,8.539962,810300
5/11/2023,9.38,9.63,9.3,9.62,8.758469,1062100
5/12/2023,9.64,9.65,9.5,9.63,8.767572,778700
5/15/2023,9.63,9.8,9.56,9.7,8.831305,823900
5/16/2023,9.64,9.71,9.56,9.59,8.731155,558700
5/17/2023,9.72,10,9.62,9.99,9.095333,1176400
5/18/2023,9.94,10.16,9.89,10.15,9.241003,1023500
5/19/2023,10.22,10.26,9.95,10.09,9.186377,1268100
5/22/2023,10.1,10.23,10.02,10.19,9.277421,727600
5/23/2023,10.18,10.5,10.18,10.24,9.322943,1315700
5/24/2023,10.21,10.27,9.95,10.05,9.14996,930300
5/25/2023,9.99,10.05,9.79,9.84,8.958766,1000300
5/26/2023,9.91,10.21,9.79,10.16,9.250108,877800
5/30/2023,10.16,10.32,10.12,10.22,9.304734,862000
5/31/2023,10.1,10.22,9.99,10.09,9.186377,1260900
6/1/2023,10.14,10.4,9.97,10.35,9.423093,995600
6/2/2023,10.52,10.79,10.42,10.73,9.769061,1021900
6/5/2023,10.73,10.73,10.46,10.55,9.605182,792000
6/6/2023,10.51,10.98,10.51,10.93,9.95115,1549500
6/7/2023,10.96,11.16,10.9,11.04,10.051298,1046500
6/8/2023,11,11.04,10.84,10.93,9.95115,975500
6/9/2023,10.91,10.97,10.76,10.85,9.878315,602600
6/12/2023,10.83,11.11,10.83,11.09,10.096821,754900
6/13/2023,11.12,11.25,11.08,11.22,10.215178,799000
6/14/2023,11.27,11.38,11.09,11.19,10.187865,876200
6/15/2023,11.15,11.44,11.14,11.42,10.397267,1072800
6/16/2023,11.45,11.46,11.19,11.31,10.297119,2297500
6/20/2023,11.31,11.39,11.19,11.26,10.251596,987900
6/21/2023,11.26,11.42,11.19,11.31,10.297119,693300
6/22/2023,11.22,11.3,10.98,11.02,10.033091,1008600
6/23/2023,10.91,10.94,10.65,10.73,9.769061,2555500
6/26/2023,10.75,11.1,10.75,11.08,10.087716,1132500
6/27/2023,11.12,11.38,10.99,11.35,10.333536,1024900
6/28/2023,11.28,11.46,11.18,11.4,10.379058,1205600
6/29/2023,11.06,11.32,11,11.29,10.604486,940100
6/30/2023,11.41,11.43,11.24,11.32,10.632664,1022200
7/3/2023,11.24,11.35,11.17,11.27,10.585701,545500
7/5/2023,11.21,11.25,11.07,11.15,10.472986,890600
7/6/2023,11,11.01,10.72,10.98,10.313309,943300
7/7/2023,11,11.29,10.98,11.02,10.350881,1247500
7/10/2023,11.06,11.39,11,11.36,10.670236,1285200
7/11/2023,11.4,11.64,11.4,11.62,10.914449,919800
7/12/2023,11.8,11.88,11.5,11.52,10.820521,1879100
7/13/2023,11.57,11.73,11.49,11.66,10.95202,1513000
7/14/2023,11.69,11.76,11.55,11.75,11.036555,1045000
7/17/2023,11.72,11.85,11.63,11.83,11.111698,781600
7/18/2023,11.84,12.08,11.81,12,11.271376,835100
7/19/2023,12.09,12.2,12.03,12.08,11.346518,846300
7/20/2023,12.01,12.06,11.71,11.77,11.055341,954400
7/21/2023,11.85,11.88,11.51,11.53,10.829913,847300
7/24/2023,11.54,11.72,11.47,11.6,10.895663,1054500
7/25/2023,11.49,11.57,11.34,11.49,10.792341,842200
7/26/2023,11.52,11.7,11.51,11.67,10.961413,693100
7/27/2023,11.72,11.77,11.46,11.51,10.811128,745600
7/28/2023,11.62,11.9,11.51,11.89,11.168055,1268700
7/31/2023,11.92,11.95,11.69,11.8,11.083519,1239500
8/1/2023,11.1,11.25,10.09,10.53,9.890632,3787600
8/2/2023,10.51,10.69,10.36,10.51,9.871846,1591700
8/3/2023,10.49,10.54,10.28,10.47,9.834275,1209200
8/4/2023,10.6,10.89,10.55,10.72,10.069096,1010400
8/7/2023,10.69,10.86,10.68,10.82,10.163023,723600
8/8/2023,10.67,10.83,10.54,10.79,10.134846,498500
8/9/2023,10.85,10.94,10.74,10.76,10.106668,786600
8/10/2023,10.78,10.95,10.64,10.78,10.125452,605700
8/11/2023,10.73,10.83,10.73,10.75,10.097274,477500
8/14/2023,10.75,10.76,10.61,10.67,10.022132,860600
8/15/2023,10.56,10.6,10.37,10.48,9.843668,759100
8/16/2023,10.46,10.56,10.34,10.35,9.721561,580700
8/17/2023,10.3,10.42,10.16,10.2,9.580669,835600
8/18/2023,10.06,10.21,9.94,10.12,9.505527,1132100
8/21/2023,10.1,10.13,9.94,10.04,9.430384,771100
8/22/2023,10.11,10.21,10.03,10.07,9.458563,531000
8/23/2023,10.13,10.37,10.07,10.35,9.721561,476600
8/24/2023,10.29,10.47,10.24,10.31,9.68399,552400
8/25/2023,10.35,10.49,10.2,10.38,9.749741,432400
8/28/2023,10.43,10.75,10.43,10.71,10.059702,578000
8/29/2023,10.71,11.03,10.66,10.99,10.322701,680500
8/30/2023,10.96,11.03,10.9,10.97,10.303916,596300
8/31/2023,10.98,11.05,10.91,10.92,10.256951,737700
9/1/2023,11,11.07,10.88,10.93,10.266345,543400
9/5/2023,10.83,10.86,10.65,10.7,10.050309,660900
9/6/2023,10.66,10.76,10.5,10.56,9.918811,545600
9/7/2023,10.51,10.63,10.47,10.59,9.946989,698000
9/8/2023,10.58,10.76,10.56,10.69,10.040917,461400
9/11/2023,10.71,10.79,10.62,10.75,10.097274,731700
9/12/2023,10.65,10.8,10.62,10.68,10.031525,611200
9/13/2023,10.7,10.74,10.47,10.51,9.871846,1136700
9/14/2023,10.7,10.89,10.66,10.82,10.163023,986400
9/15/2023,10.73,11.03,10.7,11.01,10.341487,2259900
9/18/2023,11,11.01,10.83,10.86,10.200595,836200
9/19/2023,10.92,11.03,10.82,10.86,10.200595,675300
9/20/2023,10.91,10.95,10.71,10.71,10.059702,723000
9/21/2023,10.6,10.63,10.22,10.25,9.627633,844700
9/22/2023,10.32,10.47,10.28,10.38,9.749741,779200
9/25/2023,10.31,10.47,10.3,10.43,9.796704,622900
9/26/2023,10.3,10.41,10.27,10.3,9.674598,962600
9/27/2023,10.4,10.47,10.25,10.31,9.68399,1409600
9/28/2023,9.99,10.26,9.94,10.19,9.907617,1122000
9/29/2023,10.25,10.31,10.07,10.13,9.849279,885100
10/2/2023,10.11,10.11,9.73,9.84,9.567316,1050600
10/3/2023,9.75,9.83,9.5,9.7,9.431195,1259200
10/4/2023,9.66,9.71,9.38,9.6,9.333967,871700
10/5/2023,9.53,9.98,9.53,9.89,9.615931,1136400
10/6/2023,9.77,10.02,9.75,9.85,9.577039,715300
10/9/2023,9.83,10.13,9.8,10.12,9.839557,938500
10/10/2023,10.15,10.22,10.09,10.21,9.927062,755300
10/11/2023,10.28,10.51,10.25,10.47,10.179857,781600
10/12/2023,10.43,10.45,10.25,10.34,10.05346,620100
10/13/2023,10.43,10.48,10.05,10.09,9.810388,758000
10/16/2023,10.18,10.24,10.01,10.2,9.917339,1084100
10/17/2023,10.1,10.26,10.07,10.12,9.839557,967700
10/18/2023,10.05,10.06,9.82,9.83,9.557592,801600
10/19/2023,9.85,9.91,9.6,9.61,9.343689,968400
10/20/2023,9.63,9.7,9.5,9.5,9.236738,1239000
10/23/2023,9.45,9.5,9.27,9.37,9.11034,917400
10/24/2023,9.41,9.6,9.39,9.48,9.217292,753200
10/25/2023,9.4,9.5,9.23,9.29,9.032557,650800
10/26/2023,9.31,9.53,9.31,9.41,9.149232,664400
10/27/2023,9.45,9.49,9.22,9.33,9.071448,743200
10/30/2023,9.49,9.54,9.3,9.48,9.217292,854000
10/31/2023,9.69,10.14,9.69,9.96,9.68399,1123400
11/1/2023,9.91,10.18,9.82,10.18,9.897894,993000
11/2/2023,10.34,10.53,10.32,10.51,10.218749,851700
11/3/2023,10.8,10.87,10.7,10.73,10.432652,884400
11/6/2023,10.67,10.7,10.47,10.49,10.199303,583000
11/7/2023,10.48,10.55,10.4,10.47,10.179857,530600
11/8/2023,10.45,10.5,10.32,10.48,10.18958,554200
11/9/2023,10.57,10.6,10.27,10.28,9.995122,442200
11/10/2023,10.38,10.44,10.29,10.39,10.102075,504400
11/13/2023,10.3,10.35,10.23,10.26,9.975677,449300
11/14/2023,10.68,10.83,10.66,10.81,10.510436,835800
11/15/2023,10.74,10.9,10.69,10.86,10.55905,732700
11/16/2023,10.83,10.88,10.62,10.63,10.335423,566400
11/17/2023,10.75,10.82,10.64,10.78,10.481266,701400
11/20/2023,10.75,10.78,10.65,10.75,10.452098,491300
11/21/2023,10.66,10.75,10.64,10.67,10.374315,424800
11/22/2023,10.75,10.79,10.67,10.73,10.432652,371400
11/24/2023,10.74,10.76,10.66,10.72,10.42293,209900
11/27/2023,10.7,10.7,10.61,10.67,10.374315,465900
11/28/2023,10.65,10.68,10.53,10.64,10.345147,461200
11/29/2023,10.75,10.89,10.67,10.76,10.461822,898200
11/30/2023,10.79,10.81,10.69,10.78,10.481266,866000
12/1/2023,10.75,11.12,10.69,11.11,10.802121,929900
12/4/2023,11.01,11.2,11.01,11.17,10.860459,758400
12/5/2023,11.17,11.19,11.05,11.09,10.782676,623100
12/6/2023,11.16,11.28,10.78,10.83,10.529881,863800
12/7/2023,10.88,11.07,10.79,11.05,10.743785,723800
12/8/2023,11.03,11.19,10.98,11.17,10.860459,623500
12/11/2023,11.12,11.36,11.12,11.32,11.006302,815600
12/12/2023,11.3,11.48,11.21,11.44,11.122976,694100
12/13/2023,11.49,11.9,11.33,11.86,11.531338,1117600
12/14/2023,12.08,12.39,12.01,12.33,11.988314,1431400
12/15/2023,12.34,12.34,12,12.11,11.774409,5055400
12/18/2023,12.19,12.25,12.08,12.08,11.745241,708800
12/19/2023,12.17,12.42,12.11,12.38,12.036928,990200
12/20/2023,12.32,12.61,12.19,12.19,11.852193,967100
12/21/2023,12.35,12.5,12.3,12.49,12.143879,855400
12/22/2023,12.55,12.66,12.41,12.48,12.134156,653700
12/26/2023,12.52,12.74,12.52,12.67,12.318892,640200
12/27/2023,12.67,12.72,12.58,12.63,12.28,780000
12/28/2023,12.19,12.25,12.07,12.12,12.12,735000
12/29/2023,12.02,12.06,11.72,11.74,11.74,1170500
1/2/2024,11.62,11.74,11.54,11.64,11.64,666700
1/3/2024,11.5,11.55,11.28,11.41,11.41,828000
1/4/2024,11.45,11.57,11.37,11.41,11.41,655700
1/5/2024,11.37,11.64,11.33,11.51,11.51,729700
